Track_Number,Date_of_Delivery,Status,Order_Number,Email
1,2023-04-12,Delivered,1,alice.smith@example.com
2,2023-05-16,Pending,2,alice.smith@example.com
3,2023-06-20,Delivered,3,bob.smith@example.com
4,2023-06-22,Cancelled,4,bob.smith@example.com
5,2023-07-01,Postponed,5,carla.jones@example.com
6,2023-07-05,Pending,6,carla.jones@example.com
7,2023-08-11,Delivered,7,david.white@example.com
8,2023-08-15,Postponed,8,emma.brown@example.com
9,2023-09-21,Delivered,9,emma.brown@example.com
10,2023-10-10,Cancelled,10,frank.green@example.com
11,2023-10-13,Pending,11,frank.green@example.com
12,2023-10-20,Delivered,12,georgia.miller@example.com
13,2023-11-03,Postponed,13,georgia.miller@example.com
14,2023-11-05,Delivered,14,georgia.miller@example.com
15,2023-11-08,Cancelled,15,hannah.davis@example.com
16,2023-11-15,Pending,16,ian.white@example.com
17,2023-12-01,Delivered,17,julia.taylor@example.com
18,2023-12-12,Delivered,18,julia.taylor@example.com
19,2023-12-20,Postponed,19,kevin.martin@example.com
20,2024-01-02,Cancelled,20,lisa.morris@example.com
21,2024-01-05,Pending,21,michael.smith@example.com
22,2024-01-15,Delivered,22,michael.smith@example.com
23,2024-01-20,Postponed,23,natalie.king@example.com
24,2024-02-02,Delivered,24,oliver.reed@example.com
25,2024-02-10,Cancelled,25,paul.james@example.com
26,2024-02-15,Pending,26,paul.james@example.com
27,2024-03-05,Delivered,27,quincy.williams@example.com
28,2024-03-10,Postponed,28,rachel.scott@example.com
29,2024-03-15,Delivered,29,steven.walker@example.com
30,2024-03-20,Cancelled,30,tina.perez@example.com
